[{"id":"6285849261085@s.whatsapp.net","xp":8078,"level":2},{"id":"6283891921787@s.whatsapp.net","xp":56129,"level":4},{"id":"6287858915257@s.whatsapp.net","xp":2349,"level":1},{"id":"6283891921787@s.whatsapp.net","xp":70969,"level":4},{"id":"6283891921787@s.whatsapp.net","xp":1538,"level":1},{"id":"6283891921787@s.whatsapp.net","xp":312,"level":1},{"id":"6283891921787@s.whatsapp.net","xp":321,"level":1},{"id":"6283891921787@s.whatsapp.net","xp":3231,"level":1},{"id":"6283891921787@s.whatsapp.net","xp":1134,"level":1},{"id":"","xp":313,"level":1},{"id":"6283891921787@s.whatsapp.net","xp":1260,"level":1},{"id":"6283891921787@s.whatsapp.net","xp":12990,"level":2},{"id":"6283891921787@s.whatsapp.net","xp":12470,"level":2},{"id":"6283891921787@s.whatsapp.net","xp":22374,"level":3}]