[
  {
    "id": "6285849261085@s.whatsapp.net",
    "balance": 5903
  },
  {
    "id": "6283122854590@s.whatsapp.net",
    "balance": 6
  },
  {
    "id": "6289636342191@s.whatsapp.net",
    "balance": 237
  },
  {
    "id": "6282142648388@s.whatsapp.net",
    "balance": 17
  },
  {
    "id": "6288977750024@s.whatsapp.net",
    "balance": 594
  },
  {
    "id": "6281269519696@s.whatsapp.net",
    "balance": 22
  },
  {
    "id": "6287719376540@s.whatsapp.net",
    "balance": 8
  },
  {
    "id": "6289620763988@s.whatsapp.net",
    "balance": 20
  },
  {
    "id": "6289676027200@s.whatsapp.net",
    "balance": 42
  },
  {
    "id": "6285828924487@s.whatsapp.net",
    "balance": 16
  },
  {
    "id": "6289504585790@s.whatsapp.net",
    "balance": 77
  },
  {
    "id": "6281285095945@s.whatsapp.net",
    "balance": 6
  },
  {
    "id": "62856416292870@s.whatsapp.net",
    "balance": 15
  },
  {
    "id": "6283151798471@s.whatsapp.net",
    "balance": 7
  },
  {
    "id": "6283173619230@s.whatsapp.net",
    "balance": 10
  },
  {
    "id": "6281376813458@s.whatsapp.net",
    "balance": 835
  },
  {
    "id": "6283141079627@s.whatsapp.net",
    "balance": 5
  },
  {
    "id": "6289501060783@s.whatsapp.net",
    "balance": 206
  },
  {
    "id": "6283891921787@s.whatsapp.net",
    "balance": 9245
  },
  {
    "id": "6287858915257@s.whatsapp.net",
    "balance": 115
  },
  {
    "id": "",
    "balance": 0
  }
]